temperature,latency,tokens,response
0,3.862,213,"Here are a few slogan ideas for an AI startup:

1. **""Intelligent Solutions for a Smarter Tomorrow""**
2. **""Augmenting Human Potential, One Algorithm at a Time""**
3. **""Transforming Data into Decisions""**
4. **""Where Machines Meet Mind""**
5. **""Accelerating Innovation, Amplifying Impact""**
6. **""AI for a Better World, Today""**
7. **""Unlocking the Power of Artificial Intelligence""**
8. **""Smarter Technology for a Smarter You""**
9. **""Revolutionizing Industries, One Insight at a Time""**
10. **""Human Insight, Amplified by AI""**

Which one resonates with your vision for the AI startup? Or would you like me to come up with more options?"
0.3,0.826,206,"Here are a few slogan ideas for an AI startup:

1. **""Intelligent Solutions for a Smarter Tomorrow""**
2. **""Augmenting Human Potential, One Algorithm at a Time""**
3. **""Transforming Data into Decisions""**
4. **""Where Machines Meet Mind""**
5. **""Accelerating Innovation, Amplifying Impact""**
6. **""Smart Technology for a Brighter Future""**
7. **""Unleashing the Power of Artificial Intelligence""**
8. **""Human Insight, Machine Precision""**
9. **""Revolutionizing Industries, One Model at a Time""**
10. **""Empowering Businesses, Enhancing Lives""**

Which one resonates with you, or would you like me to come up with more options?"
0.7,1.343,291,"Here are a few slogan ideas for an AI startup:

1. **""Intelligence Amplified""** - Emphasizing the potential of AI to enhance human capabilities.
2. **""Augmenting Human Potential""** - Highlighting the startup's mission to use AI to improve people's lives.
3. **""Smarter Solutions for a Better Tomorrow""** - Conveying the idea that AI can help create a brighter future.
4. **""Where Human Insight Meets Machine Intelligence""** - Emphasizing the collaboration between humans and AI.
5. **""Accelerating Innovation, Amplifying Impact""** - Suggesting that the startup's AI solutions can drive meaningful change.
6. **""AI for All, Solutions for Life""** - Positioning the startup as a provider of accessible and practical AI solutions.
7. **""Transforming Industries, One Algorithm at a Time""** - Highlighting the startup's focus on using AI to drive industry disruption.
8. **""Unlocking the Power of Artificial Intelligence""** - Suggesting that the startup can help unlock the full potential of AI.

Which one do you like the most? Or would you like me to come up with more options?"
1,1.05,239,"Here are a few slogan ideas for an AI startup:

1. **""Intelligent Solutions for a Smarter Future""**
2. **""Augmenting Human Potential, One Algorithm at a Time""**
3. **""AI for All: Empowering Innovation, Enhancing Lives""**
4. **""Think Ahead: Where Machine Learning Meets Human Insight""**
5. **""Transforming Industries, One Neural Network at a Time""**
6. **""Smart Technologies for a Brighter Tomorrow""**
7. **""The Future is Here: AI-Driven, Human-Centric""**
8. **""Unlocking the Power of AI: For a Better World""**
9. **""Revolutionizing the Way We Live, Work, and Play""**
10. **""Where Intelligence Meets Innovation: The AI Edge""**

Which one resonates with your vision for the AI startup? Or would you like me to come up with more options?"
